{ "height":32,
 "layers":[
        {
         "data":[0, 0, 0, 0, 0, 0, 0, 0, 8, 5, 0, 0, 0, 0, 0, 0, 0, 0, 0, 0, 0, 0, 0, 0, 0, 0, 0, 0, 0, 0, 0, 0, 0, 0, 0, 0, 0, 0, 0, 0, 13, 13, 0, 0, 0, 0, 0, 0, 0, 0, 0, 0, 0, 0, 0, 0, 0, 0, 0, 0, 0, 0, 0, 0, 0, 0, 0, 0, 0, 0, 0, 0, 16, 6, 0, 0, 0, 0, 0, 0, 0, 0, 0, 0, 0, 0, 8, 5, 0, 0, 0, 0, 0, 0, 0, 0, 0, 0, 0, 0, 0, 0, 0, 8, 15, 0, 0, 0, 0, 0, 0, 0, 0, 0, 0, 0, 0, 0, 7, 15, 0, 0, 0, 0, 0, 0, 0, 0, 0, 0, 0, 0, 0, 0, 0, 13, 13, 0, 0, 0, 0, 0, 0, 0, 0, 0, 0, 0, 0, 0, 0, 7, 5, 0, 0, 0, 0, 0, 0, 0, 0, 0, 0, 0, 0, 0, 0, 13, 13, 0, 0, 0, 0, 0, 0, 0, 0, 0, 0, 0, 0, 0, 0, 0, 7, 5, 0, 0, 0, 0, 0, 0, 0, 0, 0, 0, 0, 0, 0, 13, 13, 0, 0, 0, 0, 0, 0, 0, 0, 0, 0, 0, 0, 0, 0, 0, 0, 16, 5, 0, 0, 0, 0, 0, 0, 0, 0, 0, 0, 0, 0, 7, 6, 0, 0, 0, 0, 0, 0, 0, 0, 0, 0, 0, 0, 0, 0, 0, 0, 7, 6, 0, 0, 0, 0, 0, 0, 0, 0, 0, 8, 5, 0, 0, 0, 0, 0, 0, 0, 0, 0, 0, 4, 0, 0, 0, 0, 0, 0, 0, 0, 0, 0, 0, 0, 0, 0, 0, 0, 0, 0, 0, 13, 13, 0, 0, 0, 0, 0, 0, 0, 0, 0, 8, 17, 5, 0, 0, 0, 0, 0, 0, 0, 0, 0, 0, 0, 0, 0, 0, 0, 0, 0, 0, 16, 6, 0, 0, 0, 0, 0, 0, 0, 0, 8, 6, 0, 7, 5, 0, 0, 0, 0, 0, 0, 0, 0, 0, 0, 0, 0, 0, 0, 0, 0, 8, 15, 0, 0, 0, 0, 0, 0, 0, 0, 0, 13, 0, 0, 0, 13, 0, 0, 0, 0, 0, 0, 0, 0, 0, 0, 0, 0, 0, 0, 0, 0, 13, 13, 0, 0, 0, 0, 0, 0, 0, 8, 12, 15, 0, 0, 0, 16, 12, 5, 0, 0, 0, 0, 0, 0, 0, 0, 0, 0, 0, 0, 0, 0, 16, 6, 0, 0, 0, 0, 0, 0, 0, 7, 12, 6, 0, 0, 0, 7, 12, 6, 0, 0, 0, 0, 0, 0, 0, 0, 0, 0, 0, 8, 12, 12, 15, 0, 0, 0, 0, 0, 0, 0, 0, 0, 0, 0, 0, 0, 0, 0, 0, 0, 0, 0, 0, 0, 0, 0, 0, 0, 0, 0, 0, 7, 12, 12, 6, 0, 0, 0, 0, 0, 0, 0, 0, 0, 0, 0, 0, 0, 0, 0, 0, 0, 0, 0, 0, 0, 0, 0, 0, 0, 0, 0, 0, 0, 0, 0, 0, 0, 0, 0, 0, 0, 0, 0, 0, 0, 0, 0, 0, 0, 0, 0, 0, 0, 0, 0, 0, 0, 0, 0, 0, 8, 12, 12, 5, 0, 0, 0, 0, 0, 0, 0, 0, 0, 0, 0, 0, 8, 12, 5, 0, 0, 0, 8, 12, 5, 0, 0, 0, 0, 0, 0, 0, 16, 12, 12, 6, 0, 0, 0, 0, 0, 0, 0, 0, 0, 0, 0, 0, 7, 12, 15, 0, 0, 0, 16, 12, 6, 0, 0, 0, 0, 0, 0, 8, 15, 0, 0, 0, 0, 0, 0, 0, 0, 0, 0, 0, 0, 0, 0, 0, 0, 0, 13, 0, 0, 0, 13, 0, 0, 0, 0, 0, 0, 0, 0, 13, 13, 0, 0, 0, 0, 0, 0, 0, 0, 0, 0, 0, 0, 0, 0, 0, 0, 0, 7, 5, 0, 8, 6, 0, 0, 0, 0, 0, 0, 0, 0, 16, 6, 0, 0, 0, 0, 0, 0, 0, 0, 0, 0, 0, 0, 0, 0, 0, 0, 0, 0, 7, 14, 6, 0, 0, 0, 0, 0, 0, 0, 0, 8, 15, 0, 0, 0, 0, 0, 0, 0, 0, 0, 0, 0, 0, 0, 0, 0, 0, 0, 0, 0, 0, 1, 0, 0, 0, 0, 0, 0, 0, 0, 0, 13, 13, 0, 0, 0, 0, 0, 0, 0, 0, 0, 0, 0, 0, 0, 0, 0, 0, 0, 0, 0, 0, 0, 0, 0, 0, 0, 0, 0, 0, 0, 0, 7, 6, 0, 0, 0, 0, 0, 0, 0, 8, 5, 0, 0, 0, 0, 0, 0, 0, 0, 0, 0, 0, 0, 0, 0, 0, 0, 0, 0, 8, 5, 0, 0, 0, 0, 0, 0, 0, 0, 0, 0, 7, 15, 0, 0, 0, 0, 0, 0, 0, 0, 0, 0, 0, 0, 0, 0, 0, 0, 0, 0, 13, 13, 0, 0, 0, 0, 0, 0, 0, 0, 0, 0, 0, 7, 5, 0, 0, 0, 0, 0, 0, 0, 0, 0, 0, 0, 0, 0, 0, 0, 0, 0, 13, 13, 0, 0, 0, 0, 0, 0, 0, 0, 0, 0, 0, 0, 7, 5, 0, 0, 0, 0, 0, 0, 0, 0, 0, 0, 0, 0, 0, 0, 0, 0, 13, 13, 0, 0, 0, 0, 0, 0, 0, 0, 0, 0, 0, 0, 0, 16, 5, 0, 0, 0, 0, 0, 0, 0, 0, 0, 0, 0, 0, 0, 0, 0, 16, 6, 0, 0, 0, 0, 0, 0, 0, 0, 0, 0, 0, 0, 0, 7, 6, 0, 0, 0, 0, 0, 0, 0, 0, 0, 0, 0, 0, 0, 0, 8, 15, 0, 0, 0, 0, 0, 0, 0, 0, 0, 0, 0, 0, 0, 0, 0, 0, 0, 0, 0, 0, 0, 0, 0, 0, 0, 0, 0, 0, 0, 0, 13, 13, 0, 0, 0, 0, 0, 0, 0, 0, 0, 0, 0, 0, 0, 0, 0, 0, 0, 0, 0, 0, 0, 0, 0, 0, 0, 0, 0, 0, 0, 0, 7, 6, 0, 0, 0, 0, 0, 0, 0, 0],
         "height":32,
         "name":"environment",
         "opacity":1,
         "type":"tilelayer",
         "visible":true,
         "width":32,
         "x":0,
         "y":0
        }, 
        {
         "draworder":"topdown",
         "name":"objects",
         "objects":[
                {
                 "gid":22,
                 "height":64,
                 "id":91,
                 "name":"",
                 "rotation":0,
                 "type":"small_resource",
                 "visible":true,
                 "width":64,
                 "x":1088,
                 "y":768
                }, 
                {
                 "gid":21,
                 "height":64,
                 "id":92,
                 "name":"",
                 "rotation":0,
                 "type":"large_resource",
                 "visible":true,
                 "width":64,
                 "x":1024,
                 "y":704
                }, 
                {
                 "gid":18,
                 "height":64,
                 "id":93,
                 "name":"",
                 "rotation":0,
                 "type":"base",
                 "visible":true,
                 "width":64,
                 "x":128,
                 "y":192
                }, 
                {
                 "gid":19,
                 "height":64,
                 "id":94,
                 "name":"",
                 "rotation":0,
                 "type":"base",
                 "visible":true,
                 "width":64,
                 "x":1856,
                 "y":1920
                }, 
                {
                 "gid":21,
                 "height":64,
                 "id":95,
                 "name":"",
                 "rotation":0,
                 "type":"large_resource",
                 "visible":true,
                 "width":64,
                 "x":960,
                 "y":896
                }, 
                {
                 "gid":21,
                 "height":64,
                 "id":96,
                 "name":"",
                 "rotation":0,
                 "type":"large_resource",
                 "visible":true,
                 "width":64,
                 "x":1088,
                 "y":896
                }, 
                {
                 "gid":21,
                 "height":64,
                 "id":97,
                 "name":"",
                 "rotation":0,
                 "type":"large_resource",
                 "visible":true,
                 "width":64,
                 "x":960,
                 "y":1152
                }, 
                {
                 "gid":21,
                 "height":64,
                 "id":98,
                 "name":"",
                 "rotation":0,
                 "type":"large_resource",
                 "visible":true,
                 "width":64,
                 "x":1088,
                 "y":1152
                }, 
                {
                 "gid":21,
                 "height":64,
                 "id":99,
                 "name":"",
                 "rotation":0,
                 "type":"large_resource",
                 "visible":true,
                 "width":64,
                 "x":1088,
                 "y":1216
                }, 
                {
                 "gid":22,
                 "height":64,
                 "id":100,
                 "name":"",
                 "rotation":0,
                 "type":"small_resource",
                 "visible":true,
                 "width":64,
                 "x":1088,
                 "y":832
                }, 
                {
                 "gid":22,
                 "height":64,
                 "id":101,
                 "name":"",
                 "rotation":0,
                 "type":"small_resource",
                 "visible":true,
                 "width":64,
                 "x":960,
                 "y":768
                }, 
                {
                 "gid":22,
                 "height":64,
                 "id":102,
                 "name":"",
                 "rotation":0,
                 "type":"small_resource",
                 "visible":true,
                 "width":64,
                 "x":960,
                 "y":832
                }, 
                {
                 "gid":22,
                 "height":64,
                 "id":103,
                 "name":"",
                 "rotation":0,
                 "type":"small_resource",
                 "visible":true,
                 "width":64,
                 "x":960,
                 "y":1216
                }, 
                {
                 "gid":22,
                 "height":64,
                 "id":104,
                 "name":"",
                 "rotation":0,
                 "type":"small_resource",
                 "visible":true,
                 "width":64,
                 "x":960,
                 "y":1280
                }, 
                {
                 "gid":22,
                 "height":64,
                 "id":105,
                 "name":"",
                 "rotation":0,
                 "type":"small_resource",
                 "visible":true,
                 "width":64,
                 "x":1088,
                 "y":1280
                }, 
                {
                 "gid":21,
                 "height":64,
                 "id":106,
                 "name":"",
                 "rotation":0,
                 "type":"large_resource",
                 "visible":true,
                 "width":64,
                 "x":1024,
                 "y":1344
                }],
         "opacity":1,
         "type":"objectgroup",
         "visible":true,
         "x":0,
         "y":0
        }, 
        {
         "data":[0, 0, 0, 0, 0, 0, 0, 0, 8, 5, 0, 0, 0, 0, 0, 0, 0, 0, 0, 0, 0, 0, 0, 0, 0, 0, 0, 0, 0, 0, 0, 0, 0, 0, 0, 0, 0, 0, 0, 0, 13, 13, 0, 0, 0, 0, 0, 0, 0, 0, 0, 0, 0, 0, 0, 0, 0, 0, 0, 0, 0, 0, 0, 0, 0, 0, 0, 0, 0, 0, 0, 0, 16, 6, 0, 0, 0, 0, 0, 0, 0, 0, 0, 0, 0, 0, 8, 5, 0, 0, 0, 0, 0, 0, 0, 0, 0, 0, 0, 0, 0, 0, 0, 8, 15, 0, 0, 0, 0, 0, 0, 0, 0, 0, 0, 0, 0, 0, 7, 15, 0, 0, 0, 0, 0, 0, 0, 0, 0, 0, 0, 0, 0, 0, 0, 13, 13, 0, 0, 0, 0, 0, 0, 0, 0, 0, 0, 0, 0, 0, 0, 7, 5, 0, 0, 0, 0, 0, 0, 0, 0, 0, 0, 0, 0, 0, 0, 13, 13, 0, 0, 0, 0, 0, 0, 0, 0, 0, 0, 0, 0, 0, 0, 0, 7, 5, 0, 0, 0, 0, 0, 0, 0, 0, 0, 0, 0, 0, 0, 13, 13, 0, 0, 0, 0, 0, 0, 0, 0, 0, 0, 0, 0, 0, 0, 0, 0, 16, 5, 0, 0, 0, 0, 0, 0, 0, 0, 0, 0, 0, 0, 7, 6, 0, 0, 0, 0, 0, 0, 0, 0, 0, 0, 0, 0, 0, 0, 0, 0, 7, 6, 0, 0, 0, 0, 0, 0, 0, 0, 0, 8, 5, 0, 0, 0, 0, 0, 0, 0, 0, 0, 0, 4, 0, 0, 0, 0, 0, 0, 0, 0, 0, 0, 0, 0, 0, 0, 0, 0, 0, 0, 0, 13, 13, 0, 0, 0, 0, 0, 0, 0, 0, 0, 8, 17, 5, 0, 0, 0, 0, 0, 0, 0, 0, 0, 0, 0, 0, 0, 0, 0, 0, 0, 0, 16, 6, 0, 0, 0, 0, 0, 0, 0, 0, 8, 6, 0, 7, 5, 0, 0, 0, 0, 0, 0, 0, 0, 0, 0, 0, 0, 0, 0, 0, 0, 8, 15, 0, 0, 0, 0, 0, 0, 0, 0, 0, 13, 0, 0, 0, 13, 0, 0, 0, 0, 0, 0, 0, 0, 0, 0, 0, 0, 0, 0, 0, 0, 13, 13, 0, 0, 0, 0, 0, 0, 0, 8, 12, 15, 0, 0, 0, 16, 12, 5, 0, 0, 0, 0, 0, 0, 0, 0, 0, 0, 0, 0, 0, 0, 16, 6, 0, 0, 0, 0, 0, 0, 0, 7, 12, 6, 0, 0, 0, 7, 12, 6, 0, 0, 0, 0, 0, 0, 0, 0, 0, 0, 0, 8, 12, 12, 15, 0, 0, 0, 0, 0, 0, 0, 0, 0, 0, 0, 0, 0, 0, 0, 0, 0, 0, 0, 0, 0, 0, 0, 0, 0, 0, 0, 0, 7, 12, 12, 6, 0, 0, 0, 0, 0, 0, 0, 0, 0, 0, 0, 0, 0, 0, 0, 0, 0, 0, 0, 0, 0, 0, 0, 0, 0, 0, 0, 0, 0, 0, 0, 0, 0, 0, 0, 0, 0, 0, 0, 0, 0, 0, 0, 0, 0, 0, 0, 0, 0, 0, 0, 0, 0, 0, 0, 0, 8, 12, 12, 5, 0, 0, 0, 0, 0, 0, 0, 0, 0, 0, 0, 0, 8, 12, 5, 0, 0, 0, 8, 12, 5, 0, 0, 0, 0, 0, 0, 0, 16, 12, 12, 6, 0, 0, 0, 0, 0, 0, 0, 0, 0, 0, 0, 0, 7, 12, 15, 0, 0, 0, 16, 12, 6, 0, 0, 0, 0, 0, 0, 8, 15, 0, 0, 0, 0, 0, 0, 0, 0, 0, 0, 0, 0, 0, 0, 0, 0, 0, 13, 0, 0, 0, 13, 0, 0, 0, 0, 0, 0, 0, 0, 13, 13, 0, 0, 0, 0, 0, 0, 0, 0, 0, 0, 0, 0, 0, 0, 0, 0, 0, 7, 5, 0, 8, 6, 0, 0, 0, 0, 0, 0, 0, 0, 16, 6, 0, 0, 0, 0, 0, 0, 0, 0, 0, 0, 0, 0, 0, 0, 0, 0, 0, 0, 7, 14, 6, 0, 0, 0, 0, 0, 0, 0, 0, 8, 15, 0, 0, 0, 0, 0, 0, 0, 0, 0, 0, 0, 0, 0, 0, 0, 0, 0, 0, 0, 0, 1, 0, 0, 0, 0, 0, 0, 0, 0, 0, 13, 13, 0, 0, 0, 0, 0, 0, 0, 0, 0, 0, 0, 0, 0, 0, 0, 0, 0, 0, 0, 0, 0, 0, 0, 0, 0, 0, 0, 0, 0, 0, 7, 6, 0, 0, 0, 0, 0, 0, 0, 8, 5, 0, 0, 0, 0, 0, 0, 0, 0, 0, 0, 0, 0, 0, 0, 0, 0, 0, 0, 8, 5, 0, 0, 0, 0, 0, 0, 0, 0, 0, 0, 7, 15, 0, 0, 0, 0, 0, 0, 0, 0, 0, 0, 0, 0, 0, 0, 0, 0, 0, 0, 13, 13, 0, 0, 0, 0, 0, 0, 0, 0, 0, 0, 0, 7, 5, 0, 0, 0, 0, 0, 0, 0, 0, 0, 0, 0, 0, 0, 0, 0, 0, 0, 13, 13, 0, 0, 0, 0, 0, 0, 0, 0, 0, 0, 0, 0, 7, 5, 0, 0, 0, 0, 0, 0, 0, 0, 0, 0, 0, 0, 0, 0, 0, 0, 13, 13, 0, 0, 0, 0, 0, 0, 0, 0, 0, 0, 0, 0, 0, 16, 5, 0, 0, 0, 0, 0, 0, 0, 0, 0, 0, 0, 0, 0, 0, 0, 16, 6, 0, 0, 0, 0, 0, 0, 0, 0, 0, 0, 0, 0, 0, 7, 6, 0, 0, 0, 0, 0, 0, 0, 0, 0, 0, 0, 0, 0, 0, 8, 15, 0, 0, 0, 0, 0, 0, 0, 0, 0, 0, 0, 0, 0, 0, 0, 0, 0, 0, 0, 0, 0, 0, 0, 0, 0, 0, 0, 0, 0, 0, 13, 13, 0, 0, 0, 0, 0, 0, 0, 0, 0, 0, 0, 0, 0, 0, 0, 0, 0, 0, 0, 0, 0, 0, 0, 0, 0, 0, 0, 0, 0, 0, 7, 6, 0, 0, 0, 0, 0, 0, 0, 0],
         "height":32,
         "name":"blocked",
         "opacity":0.349999994039536,
         "type":"tilelayer",
         "visible":true,
         "width":32,
         "x":0,
         "y":0
        }],
 "nextobjectid":107,
 "orientation":"orthogonal",
 "renderorder":"right-down",
 "tiledversion":"1.0.3",
 "tileheight":64,
 "tilesets":[
        {
         "columns":5,
         "firstgid":1,
         "image":"..\/assets\/PNG\/Retina\/Other\/force-field-tileset.png",
         "imageheight":320,
         "imagewidth":320,
         "margin":0,
         "name":"force-field-tileset",
         "spacing":0,
         "tilecount":25,
         "tileheight":64,
         "tilewidth":64
        }],
 "tilewidth":64,
 "type":"map",
 "version":1,
 "width":32
}