{ "height":16,
 "layers":[
        {
         "data":[8, 12, 12, 12, 12, 12, 12, 12, 12, 12, 12, 12, 12, 12, 12, 5, 13, 0, 0, 0, 0, 0, 0, 0, 0, 0, 0, 0, 0, 0, 0, 13, 13, 0, 0, 0, 0, 0, 0, 0, 0, 0, 0, 0, 0, 0, 0, 13, 13, 0, 0, 0, 0, 0, 0, 0, 0, 4, 0, 4, 0, 0, 0, 13, 13, 0, 0, 0, 0, 0, 0, 0, 0, 13, 0, 13, 0, 0, 0, 13, 13, 0, 0, 0, 8, 12, 12, 12, 12, 6, 0, 13, 0, 0, 0, 13, 13, 0, 0, 0, 13, 0, 0, 0, 0, 0, 0, 1, 0, 0, 0, 13, 13, 0, 0, 0, 13, 0, 0, 0, 0, 0, 0, 0, 0, 0, 0, 13, 13, 0, 0, 0, 1, 0, 0, 0, 0, 0, 0, 4, 0, 0, 0, 13, 13, 0, 0, 0, 0, 0, 0, 0, 0, 0, 0, 13, 0, 0, 0, 13, 13, 0, 0, 0, 4, 0, 0, 0, 0, 0, 0, 13, 0, 0, 0, 13, 13, 0, 0, 0, 13, 0, 8, 12, 12, 12, 12, 6, 0, 0, 0, 13, 13, 0, 0, 0, 13, 0, 13, 0, 0, 0, 0, 0, 0, 0, 0, 13, 13, 0, 0, 0, 1, 0, 1, 0, 0, 0, 0, 0, 0, 0, 0, 13, 13, 0, 0, 0, 0, 0, 0, 0, 0, 0, 0, 0, 0, 0, 0, 13, 7, 12, 12, 12, 12, 12, 12, 12, 12, 12, 12, 12, 12, 12, 12, 6],
         "height":16,
         "name":"environment",
         "opacity":1,
         "type":"tilelayer",
         "visible":true,
         "width":16,
         "x":0,
         "y":0
        }, 
        {
         "draworder":"topdown",
         "name":"objects",
         "objects":[
                {
                 "gid":22,
                 "height":64,
                 "id":84,
                 "name":"",
                 "rotation":0,
                 "type":"small_resource",
                 "visible":true,
                 "width":64,
                 "x":128,
                 "y":384
                }, 
                {
                 "gid":21,
                 "height":64,
                 "id":85,
                 "name":"",
                 "rotation":0,
                 "type":"large_resource",
                 "visible":true,
                 "width":64,
                 "x":384,
                 "y":512
                }, 
                {
                 "gid":18,
                 "height":64,
                 "id":86,
                 "name":"",
                 "rotation":0,
                 "type":"base",
                 "visible":true,
                 "width":64,
                 "x":192,
                 "y":320
                }, 
                {
                 "gid":19,
                 "height":64,
                 "id":87,
                 "name":"",
                 "rotation":0,
                 "type":"base",
                 "visible":true,
                 "width":64,
                 "x":768,
                 "y":832
                }, 
                {
                 "gid":22,
                 "height":64,
                 "id":88,
                 "name":"",
                 "rotation":0,
                 "type":"small_resource",
                 "visible":true,
                 "width":64,
                 "x":256,
                 "y":640
                }, 
                {
                 "gid":22,
                 "height":64,
                 "id":89,
                 "name":"",
                 "rotation":0,
                 "type":"small_resource",
                 "visible":true,
                 "width":64,
                 "x":704,
                 "y":512
                }, 
                {
                 "gid":22,
                 "height":64,
                 "id":90,
                 "name":"",
                 "rotation":0,
                 "type":"small_resource",
                 "visible":true,
                 "width":64,
                 "x":832,
                 "y":768
                }, 
                {
                 "gid":21,
                 "height":64,
                 "id":91,
                 "name":"",
                 "rotation":0,
                 "type":"large_resource",
                 "visible":true,
                 "width":64,
                 "x":576,
                 "y":640
                }],
         "opacity":1,
         "type":"objectgroup",
         "visible":true,
         "x":0,
         "y":0
        }, 
        {
         "data":[8, 12, 12, 12, 12, 12, 12, 12, 12, 12, 12, 12, 12, 12, 12, 5, 13, 0, 0, 0, 0, 0, 0, 0, 0, 0, 0, 0, 0, 0, 0, 13, 13, 0, 0, 0, 0, 0, 0, 0, 0, 0, 0, 0, 0, 0, 0, 13, 13, 0, 0, 0, 0, 0, 0, 0, 0, 4, 0, 4, 0, 0, 0, 13, 13, 0, 0, 0, 0, 0, 0, 0, 0, 13, 0, 13, 0, 0, 0, 13, 13, 0, 0, 0, 8, 12, 12, 12, 12, 6, 0, 13, 0, 0, 0, 13, 13, 0, 0, 0, 13, 0, 0, 0, 0, 0, 0, 1, 0, 0, 0, 13, 13, 0, 0, 0, 13, 0, 0, 0, 0, 0, 0, 0, 0, 0, 0, 13, 13, 0, 0, 0, 1, 0, 0, 0, 0, 0, 0, 4, 0, 0, 0, 13, 13, 0, 0, 0, 0, 0, 0, 0, 0, 0, 0, 13, 0, 0, 0, 13, 13, 0, 0, 0, 4, 0, 0, 0, 0, 0, 0, 13, 0, 0, 0, 13, 13, 0, 0, 0, 13, 0, 8, 12, 12, 12, 12, 6, 0, 0, 0, 13, 13, 0, 0, 0, 13, 0, 13, 0, 0, 0, 0, 0, 0, 0, 0, 13, 13, 0, 0, 0, 1, 0, 1, 0, 0, 0, 0, 0, 0, 0, 0, 13, 13, 0, 0, 0, 0, 0, 0, 0, 0, 0, 0, 0, 0, 0, 0, 13, 7, 12, 12, 12, 12, 12, 12, 12, 12, 12, 12, 12, 12, 12, 12, 6],
         "height":16,
         "name":"blocked",
         "opacity":0.349999994039536,
         "type":"tilelayer",
         "visible":true,
         "width":16,
         "x":0,
         "y":0
        }],
 "nextobjectid":92,
 "orientation":"orthogonal",
 "renderorder":"right-down",
 "tiledversion":"1.0.3",
 "tileheight":64,
 "tilesets":[
        {
         "columns":5,
         "firstgid":1,
         "image":"..\/assets\/PNG\/Retina\/Other\/force-field-tileset.png",
         "imageheight":320,
         "imagewidth":320,
         "margin":0,
         "name":"force-field-tileset",
         "spacing":0,
         "tilecount":25,
         "tileheight":64,
         "tilewidth":64
        }],
 "tilewidth":64,
 "type":"map",
 "version":1,
 "width":16
}